Age,Job,Credit amount,Duration,Sex_male,Housing_own,Housing_rent,Saving accounts_moderate,Saving accounts_quite rich,Saving accounts_rich,Saving accounts_unknown,Checking account_moderate,Checking account_rich,Checking account_unknown,Purpose_car,Purpose_domestic appliances,Purpose_education,Purpose_furniture/equipment,Purpose_radio/TV,Purpose_repairs,Purpose_vacation/others
26,3,4530,30,False,False,True,False,False,False,False,False,False,True,False,False,False,False,True,False,False
41,2,2503,30,True,True,False,True,False,False,False,True,False,False,False,False,False,False,False,False,False
22,2,1567,12,False,True,False,False,False,False,False,True,False,False,False,False,False,False,True,False,False
35,2,3976,21,True,True,False,False,False,False,True,True,False,False,False,False,False,True,False,False,False
22,2,2301,9,False,False,True,True,False,False,False,False,False,True,False,False,False,True,False,False,False
36,2,1372,12,True,True,False,False,False,False,False,False,False,False,True,False,False,False,False,False,False
50,2,1559,24,True,True,False,False,False,False,False,False,False,True,False,False,False,False,False,False,False
49,2,428,6,False,True,False,False,False,False,False,False,False,False,False,False,False,True,False,False,False
28,1,2993,21,True,True,False,False,False,False,False,False,False,True,True,False,False,False,False,False,False
39,2,2212,20,True,True,False,False,False,False,True,False,False,False,False,False,False,True,False,False,False
24,1,1228,12,False,True,False,False,False,False,False,False,False,False,True,False,False,False,False,False,False
35,2,2397,24,True,True,False,False,True,False,False,False,False,True,False,False,False,False,True,False,False
51,1,2507,9,True,False,False,False,True,False,False,False,False,True,True,False,False,False,False,False,False
33,2,2831,30,False,True,False,False,False,False,False,False,False,True,False,False,False,False,True,False,False
46,1,3594,15,False,True,False,False,False,False,False,False,False,True,True,False,False,False,False,False,False
26,2,763,12,False,True,False,False,False,False,False,False,False,True,False,False,False,True,False,False,False
50,3,7476,48,True,False,False,False,False,False,False,False,False,False,False,False,True,False,False,False,False
29,2,915,24,False,True,False,False,False,False,True,False,False,False,True,False,False,False,False,False,False
27,2,951,12,False,False,True,True,False,False,False,True,False,False,False,False,False,True,False,False,False
23,1,1936,18,True,False,True,False,False,False,True,False,False,False,False,False,False,False,True,False,False
36,1,4241,24,True,True,False,False,False,False,False,True,False,False,False,False,False,False,False,False,False
30,3,12680,21,True,False,False,False,False,False,True,False,False,True,True,False,False,False,False,False,False
25,2,975,15,True,True,False,False,False,False,False,False,False,False,False,False,False,True,False,False,False
62,2,1338,6,True,True,False,False,True,False,False,False,False,True,False,True,False,False,False,False,False
27,2,2930,12,False,True,False,False,False,False,False,True,False,False,False,False,False,False,True,False,False
36,2,2181,30,True,True,False,False,False,False,True,True,False,False,True,False,False,False,False,False,False
39,1,1037,12,True,True,False,True,False,False,False,True,False,False,False,False,False,False,False,False,False
24,2,2150,30,False,True,False,False,False,False,False,True,False,False,True,False,False,False,False,False,False
43,1,1533,18,True,True,False,False,False,False,False,False,False,True,False,False,False,True,False,False,False
24,2,2145,36,True,True,False,False,False,False,False,False,False,False,False,False,False,False,False,False,False
27,2,1221,6,True,True,False,False,False,False,True,False,False,True,False,False,False,True,False,False,False
25,1,2631,15,False,True,False,True,False,False,False,True,False,False,False,False,False,False,False,True,False
43,2,2197,24,True,True,False,False,False,False,True,False,False,True,True,False,False,False,False,False,False
35,3,2670,24,True,True,False,False,False,False,False,False,False,True,True,False,False,False,False,False,False
27,2,8648,24,True,True,False,False,False,False,False,False,False,True,False,False,False,False,False,False,False
26,0,609,12,False,True,False,False,False,False,False,False,True,False,False,False,False,False,False,False,False
42,2,5493,36,True,False,False,False,False,False,False,False,False,False,True,False,False,False,False,False,False
25,2,5511,24,True,True,False,True,False,False,False,False,False,True,False,False,False,True,False,False,False
64,1,2384,24,True,False,True,False,False,False,False,False,False,False,False,False,False,False,True,False,False
30,2,639,12,True,True,False,False,False,False,False,True,False,False,False,False,False,False,False,True,False
65,0,3394,42,True,True,False,False,False,False,False,False,False,False,False,False,False,False,False,True,False
46,2,2348,36,True,True,False,False,False,False,False,False,False,False,False,False,False,True,False,False,False
30,2,707,12,True,True,False,False,False,False,False,False,False,True,False,False,False,False,True,False,False
45,2,1300,15,True,False,False,False,False,False,True,False,False,True,True,False,False,False,False,False,False
32,2,2662,18,True,True,False,False,False,False,True,False,False,True,True,False,False,False,False,False,False
35,2,976,12,True,True,False,False,False,False,True,False,False,True,False,False,False,False,True,False,False
38,1,1308,15,True,True,False,False,False,False,False,True,False,False,False,False,False,False,False,True,False
33,3,1474,12,False,True,False,False,False,False,False,False,True,False,False,False,False,True,False,False,False
25,2,1262,12,True,True,False,False,False,False,False,False,False,True,False,False,False,False,True,False,False
38,2,2751,48,True,True,False,False,False,False,True,False,False,True,True,False,False,False,False,False,False
27,1,937,24,True,True,False,False,False,False,False,False,False,True,False,False,True,False,False,False,False
35,3,3780,18,True,True,False,False,False,False,False,False,False,True,False,False,False,True,False,False,False
35,1,2684,24,True,True,False,False,False,False,False,False,False,True,False,False,False,False,True,False,False
46,2,727,10,True,False,False,False,True,False,False,False,False,True,False,False,True,False,False,False,False
40,1,1361,6,True,True,False,False,False,False,False,False,False,False,True,False,False,False,False,False,False
23,2,1236,9,False,False,True,False,False,False,False,False,False,True,False,True,False,False,False,False,False
66,0,1480,12,True,False,False,False,True,False,False,False,True,False,True,False,False,False,False,False,False
35,2,4151,24,True,True,False,True,False,False,False,False,False,True,False,False,False,True,False,False,False
25,2,1264,15,True,False,True,True,False,False,False,True,False,False,True,False,False,False,False,False,False
27,2,7980,36,True,False,True,False,False,False,True,False,False,True,False,False,False,False,False,False,False
26,2,5248,21,True,True,False,False,False,False,True,False,False,True,True,False,False,False,False,False,False
32,3,629,18,True,True,False,False,True,False,False,False,False,True,False,False,False,False,True,False,False
30,2,2028,12,True,True,False,False,False,False,True,True,False,False,True,False,False,False,False,False,False
28,2,1249,24,True,True,False,False,False,False,False,False,False,True,True,False,False,False,False,False,False
38,2,1533,24,False,True,False,False,False,False,False,False,False,True,False,False,False,False,True,False,False
40,3,4623,15,True,True,False,True,False,False,False,False,False,True,False,False,True,False,False,False,False
37,1,3949,10,True,True,False,False,False,False,False,False,True,False,True,False,False,False,False,False,False
26,2,1382,24,True,True,False,True,False,False,False,False,False,False,False,False,False,False,False,False,False
60,2,1940,24,True,True,False,False,False,True,False,False,False,True,True,False,False,False,False,False,False
28,2,1108,12,True,True,False,False,False,False,False,False,False,False,False,False,False,False,False,True,False
25,2,3972,24,False,False,True,False,False,False,False,False,False,True,False,False,False,True,False,False,False
41,2,6361,18,True,True,False,False,False,False,False,True,False,False,False,False,False,True,False,False,False
20,2,3186,15,False,False,True,False,False,True,False,False,False,True,True,False,False,False,False,False,False
46,2,697,12,True,True,False,False,False,False,False,False,False,False,True,False,False,False,False,False,False
36,2,700,6,True,False,False,False,False,False,True,False,False,True,False,False,False,False,True,False,False
25,1,2210,10,True,False,True,False,False,False,False,False,False,True,False,False,False,True,False,False,False
25,2,1835,21,False,True,False,False,False,False,False,False,False,False,False,False,False,False,True,False,False
22,2,2462,18,True,True,False,False,False,False,False,False,False,False,False,False,False,True,False,False,False
25,2,3213,18,True,False,True,False,True,False,False,True,False,False,False,False,False,False,True,False,False
34,2,3965,42,True,True,False,False,False,False,False,False,False,False,False,False,False,False,True,False,False
35,2,1381,24,False,True,False,False,False,False,True,False,False,False,True,False,False,False,False,False,False
51,2,7511,18,True,False,False,False,False,False,True,False,False,False,True,False,False,False,False,False,False
26,2,3181,24,False,True,False,False,False,False,False,False,False,True,False,False,False,False,True,False,False
46,2,1845,15,False,False,True,False,False,False,False,False,False,False,False,False,False,True,False,False,False
58,1,1755,24,False,True,False,False,False,False,False,False,False,False,False,False,False,False,False,False,True
45,3,3527,12,True,True,False,False,False,False,True,False,False,True,True,False,False,False,False,False,False
27,2,2132,10,False,False,True,False,False,False,True,False,False,False,False,False,False,True,False,False,False
24,2,1275,15,False,False,True,False,False,False,True,False,False,False,False,True,False,False,False,False,False
54,3,3568,15,False,False,True,False,False,False,False,False,False,True,False,False,False,False,True,False,False
36,2,3905,11,True,False,True,False,False,False,False,False,False,False,True,False,False,False,False,False,False
24,2,4272,20,False,True,False,False,False,False,False,False,False,False,False,False,False,True,False,False,False
59,2,1364,9,True,True,False,False,False,False,False,False,False,False,False,False,False,False,True,False,False
51,2,2892,24,True,False,False,False,False,False,False,False,True,False,False,False,False,True,False,False,False
24,1,1747,24,True,True,False,False,False,False,False,False,False,False,False,False,False,True,False,False,False
31,3,1963,12,True,False,True,False,False,False,False,False,False,True,False,False,False,False,True,False,False
32,3,18424,48,False,True,False,False,False,False,False,True,False,False,False,False,False,False,False,False,True
42,2,6288,60,True,False,False,False,False,False,False,True,False,False,False,False,True,False,False,False,False
49,2,8386,30,True,True,False,False,False,False,False,True,False,False,False,False,False,True,False,False,False
31,3,8947,36,True,True,False,False,False,False,True,False,False,True,True,False,False,False,False,False,False
23,1,841,12,False,False,True,True,False,False,False,True,False,False,False,False,False,False,False,False,False
38,1,1495,12,True,True,False,False,False,False,False,False,False,True,True,False,False,False,False,False,False
63,3,13756,60,True,False,False,False,False,False,True,False,False,True,True,False,False,False,False,False,False
29,2,1169,18,True,True,False,False,False,False,True,False,False,True,False,False,False,False,True,False,False
25,2,3105,24,True,True,False,False,False,False,True,False,False,True,False,False,False,False,True,False,False
66,1,790,9,False,True,False,False,True,False,False,True,False,False,False,False,False,False,True,False,False
24,2,2030,9,True,True,False,False,False,False,True,True,False,False,False,False,False,True,False,False,False
28,1,484,6,True,True,False,False,False,False,False,True,False,False,False,False,False,False,True,False,False
52,1,362,6,False,True,False,True,False,False,False,False,False,True,True,False,False,False,False,False,False
36,2,2360,15,True,True,False,False,True,False,False,False,True,False,True,False,False,False,False,False,False
28,2,2659,18,True,True,False,False,False,True,False,False,False,False,False,False,False,True,False,False,False
49,2,5801,12,True,False,True,False,False,False,True,False,False,True,False,False,False,True,False,False,False
33,2,6289,42,True,True,False,False,False,False,False,False,True,False,False,False,False,False,False,False,False
26,2,3577,9,True,False,True,True,False,False,False,False,False,True,True,False,False,False,False,False,False
41,1,250,6,False,True,False,False,False,True,False,False,False,True,True,False,False,False,False,False,False
29,2,959,9,False,True,False,False,False,False,False,True,False,False,False,False,False,True,False,False,False
26,2,1715,30,False,True,False,False,False,False,True,True,False,False,False,False,False,False,True,False,False
67,2,1169,6,True,True,False,False,False,False,True,False,False,False,False,False,False,False,True,False,False
55,2,1555,12,True,False,False,False,False,True,False,False,False,True,False,False,False,False,False,True,False
63,2,1520,15,True,True,False,False,False,False,True,False,False,True,False,False,False,True,False,False,False
23,2,1275,10,False,True,False,False,False,False,False,False,True,False,False,False,False,True,False,False,False
24,1,3021,24,True,False,True,False,False,False,False,False,False,False,False,False,False,True,False,False,False
50,2,1574,12,True,True,False,False,False,False,False,False,False,True,False,False,False,True,False,False,False
20,2,1313,9,True,True,False,False,False,False,False,False,False,True,False,False,False,True,False,False,False
28,3,2606,21,False,False,True,False,False,False,False,False,False,False,False,False,False,False,True,False,False
27,1,4139,24,True,True,False,True,False,False,False,False,False,True,False,False,False,False,False,False,False
30,2,2002,12,True,False,True,False,False,False,False,True,False,False,True,False,False,False,False,False,False
55,3,9283,42,True,False,False,False,False,False,False,True,False,False,True,False,False,False,False,False,False
23,2,15672,48,True,True,False,False,False,False,False,True,False,False,False,False,False,False,False,False,False
33,2,1927,24,False,True,False,False,False,False,True,False,False,True,False,False,True,False,False,False,False
32,1,1442,18,True,False,False,False,False,False,False,False,False,False,True,False,False,False,False,False,False
42,1,1455,4,True,True,False,False,False,False,False,False,False,True,True,False,False,False,False,False,False
23,2,7127,36,False,False,True,False,False,False,False,False,False,True,False,False,False,True,False,False,False
30,2,1224,9,True,True,False,False,False,False,False,False,False,True,True,False,False,False,False,False,False
33,2,950,15,True,False,True,False,False,False,False,False,False,False,True,False,False,False,False,False,False
20,2,1577,11,False,True,False,False,False,True,False,True,False,False,False,False,False,True,False,False,False
29,2,3556,15,True,True,False,False,False,False,True,False,False,True,True,False,False,False,False,False,False
39,1,9436,54,True,True,False,False,False,False,True,False,False,True,True,False,False,False,False,False,False
40,3,1358,24,True,True,False,False,False,False,True,False,False,False,False,False,False,False,False,False,True
40,2,2675,22,True,True,False,False,True,False,False,False,False,True,False,False,False,False,True,False,False
60,2,2032,24,True,False,False,False,False,False,False,False,False,True,True,False,False,False,False,False,False
33,1,797,12,False,True,False,False,False,False,True,False,False,True,False,False,False,False,True,False,False
31,2,1532,15,False,True,False,True,False,False,False,False,False,True,False,False,True,False,False,False,False
23,2,3812,15,False,True,False,True,False,False,False,False,False,True,True,False,False,False,False,False,False
27,2,1053,15,True,True,False,False,False,False,False,False,False,False,False,False,False,False,True,False,False
28,2,776,12,True,True,False,False,False,False,False,False,False,True,False,False,False,False,True,False,False
26,2,2445,12,True,False,True,False,False,False,True,False,False,True,True,False,False,False,False,False,False
26,2,2404,18,False,True,False,False,False,False,False,False,False,True,False,False,False,False,True,False,False
24,2,4605,48,True,False,False,False,False,False,False,False,False,False,True,False,False,False,False,False,False
53,2,2424,24,True,True,False,False,False,False,True,False,False,True,False,False,False,False,True,False,False
26,0,1778,15,False,False,True,False,False,False,False,True,False,False,True,False,False,False,False,False,False
22,2,3650,18,False,False,True,False,False,False,False,False,False,False,False,False,False,True,False,False,False
36,2,4165,18,True,True,False,False,False,False,False,False,False,True,False,False,False,False,False,False,False
52,3,2133,12,False,False,False,False,False,False,True,False,False,True,True,False,False,False,False,False,False
42,2,2577,12,True,True,False,False,False,False,False,False,False,False,False,False,False,True,False,False,False
27,3,14027,60,True,True,False,False,False,False,False,True,False,False,True,False,False,False,False,False,False
29,2,11816,45,True,False,True,False,False,False,False,False,False,False,False,False,False,False,False,False,False
36,2,2872,24,True,True,False,True,False,False,False,False,False,True,False,False,False,False,True,False,False
32,2,1530,18,True,True,False,False,False,False,False,False,False,True,True,False,False,False,False,False,False
68,3,14896,6,True,True,False,False,False,False,False,False,False,False,True,False,False,False,False,False,False
57,2,3622,30,False,False,True,False,False,True,False,False,False,False,False,False,False,True,False,False,False
24,2,1207,24,False,False,True,False,False,False,False,False,False,False,True,False,False,False,False,False,False
45,1,1750,6,True,True,False,False,True,False,False,False,False,True,False,False,False,False,True,False,False
37,2,1287,24,False,True,False,False,False,True,False,False,False,True,True,False,False,False,False,False,False
75,3,6615,24,True,False,False,False,False,False,False,False,False,False,True,False,False,False,False,False,False
39,2,1271,15,True,False,False,False,False,False,True,False,True,False,False,False,False,False,True,False,False
65,2,930,12,True,True,False,False,False,False,True,False,False,True,False,False,False,False,True,False,False
33,2,1851,24,True,True,False,False,False,False,False,False,False,True,False,False,False,False,True,False,False
29,2,2896,24,True,True,False,True,False,False,False,True,False,False,False,False,False,False,True,False,False
28,3,9398,36,True,False,True,False,False,False,False,True,False,False,True,False,False,False,False,False,False
30,3,2063,6,True,False,True,False,False,False,False,True,False,False,False,False,False,False,True,False,False
29,2,5179,36,True,True,False,False,False,False,False,False,False,False,False,False,False,True,False,False,False
49,2,1126,9,True,True,False,True,False,False,False,False,True,False,False,False,False,False,True,False,False
28,2,1323,6,True,True,False,True,False,False,False,False,True,False,True,False,False,False,False,False,False
63,2,6836,60,True,True,False,False,False,False,False,False,False,False,False,False,False,False,False,False,False
30,3,14179,39,True,True,False,False,False,False,True,False,False,False,False,False,False,True,False,False,False
31,2,3621,24,True,True,False,True,False,False,False,False,False,True,False,False,False,False,True,False,False
24,2,3016,12,True,True,False,False,False,False,False,False,True,False,False,False,False,False,True,False,False
22,2,1514,15,True,True,False,True,False,False,False,True,False,False,False,False,False,False,False,True,False
55,0,1190,18,False,False,False,False,False,False,False,False,False,False,False,False,False,False,False,True,False
40,2,3001,18,False,False,True,False,False,False,False,True,False,False,False,False,False,True,False,False,False
58,1,385,12,False,True,False,False,False,False,False,False,False,False,False,False,False,False,True,False,False
23,1,1246,24,True,True,False,False,False,False,False,True,False,False,True,False,False,False,False,False,False
49,2,2964,24,True,False,False,False,False,False,True,False,False,False,True,False,False,False,False,False,False
26,3,3235,24,True,True,False,False,True,False,False,False,False,True,False,False,False,False,True,False,False
20,2,585,12,True,False,True,False,False,False,False,True,False,False,False,False,False,False,True,False,False
45,1,3049,18,False,True,False,False,False,False,False,False,True,False,False,False,False,True,False,False,False
35,1,1418,10,True,False,True,True,False,False,False,False,False,True,True,False,False,False,False,False,False
28,2,4221,30,False,True,False,False,False,False,False,True,False,False,False,False,False,False,False,False,False
23,2,1498,12,False,True,False,False,False,False,False,False,False,False,False,False,False,False,True,False,False
34,3,2064,24,False,True,False,False,False,False,False,True,False,False,False,False,False,True,False,False,False
63,2,2924,24,True,True,False,False,False,False,False,False,False,False,True,False,False,False,False,False,False
23,2,4110,24,True,False,True,False,False,False,False,False,False,False,False,False,False,True,False,False,False
37,2,3676,6,True,False,True,False,False,False,False,False,False,False,True,False,False,False,False,False,False
36,3,12169,48,True,False,False,False,False,False,True,True,False,False,True,False,False,False,False,False,False
26,1,1113,18,False,True,False,False,False,False,False,True,False,False,False,False,False,False,True,False,False
47,3,1209,6,True,True,False,False,False,False,False,True,False,False,True,False,False,False,False,False,False
39,1,426,6,True,True,False,False,False,False,False,False,False,True,False,False,False,False,True,False,False
29,2,3499,12,False,True,False,False,False,False,False,False,False,False,True,False,False,False,False,False,False
34,1,1837,24,False,False,False,False,False,False,False,True,False,False,False,False,True,False,False,False,False
56,2,4796,42,True,False,False,False,False,False,False,False,True,False,True,False,False,False,False,False,False
27,2,1295,18,False,True,False,False,False,False,False,True,False,False,False,False,False,True,False,False,False
27,1,1309,10,True,True,False,False,False,False,True,False,False,True,True,False,False,False,False,False,False
48,2,9277,24,True,False,False,False,False,False,True,False,False,True,True,False,False,False,False,False,False
66,1,766,12,True,True,False,False,True,False,False,True,False,False,False,False,False,False,True,False,False
43,2,4843,12,True,False,True,False,False,False,False,False,False,False,True,False,False,False,False,False,False
35,2,2753,9,True,True,False,True,False,False,False,False,False,True,False,False,False,False,True,False,False
39,1,2122,12,True,False,True,False,False,False,False,False,False,False,True,False,False,False,False,False,False
38,2,1924,10,True,True,False,False,False,False,False,False,False,True,False,False,False,False,True,False,False
28,2,1403,15,False,False,True,False,False,False,False,False,False,False,True,False,False,False,False,False,False
25,3,8065,36,False,True,False,False,False,False,False,False,False,False,False,False,True,False,False,False,False
27,1,802,14,True,True,False,False,False,False,False,False,False,True,True,False,False,False,False,False,False
24,2,6187,30,True,False,True,True,False,False,False,False,False,False,True,False,False,False,False,False,False
64,1,3832,9,True,True,False,False,False,False,True,False,False,True,False,False,True,False,False,False,False
31,2,9566,36,False,True,False,False,False,False,False,False,False,True,False,False,False,False,True,False,False
36,3,2366,12,True,True,False,False,True,False,False,True,False,False,True,False,False,False,False,False,False
31,2,2775,18,True,True,False,False,False,False,False,False,False,True,True,False,False,False,False,False,False
31,1,9857,36,True,True,False,True,False,False,False,True,False,False,False,False,False,False,False,False,False
33,1,727,12,True,True,False,True,False,False,False,False,False,False,False,False,False,False,True,False,False
28,2,1382,6,False,True,False,False,False,False,False,False,False,True,False,False,False,False,True,False,False
47,2,3578,48,True,True,False,False,False,False,True,False,False,True,False,False,False,False,True,False,False
30,1,2028,24,True,True,False,False,False,False,False,False,False,True,False,False,False,True,False,False,False
28,2,2278,18,False,True,False,True,False,False,False,True,False,False,True,False,False,False,False,False,False
29,2,683,6,False,True,False,False,False,False,False,False,True,False,False,False,False,False,True,False,False
31,1,1521,10,True,True,False,False,False,False,False,True,False,False,False,False,False,True,False,False,False
36,3,1872,6,True,False,False,False,False,False,False,False,False,False,False,False,False,True,False,False,False
31,2,3430,24,True,True,False,False,True,False,False,False,False,True,False,False,False,False,True,False,False
33,1,2579,12,True,True,False,False,False,False,False,False,False,False,True,False,False,False,False,False,False
61,2,1512,15,True,True,False,False,False,True,False,True,False,False,False,False,False,False,False,True,False
60,3,6468,20,True,True,False,False,False,False,True,True,False,False,True,False,False,False,False,False,False
49,1,3656,30,True,True,False,False,False,False,True,False,True,False,False,False,False,False,True,False,False
61,1,2767,21,True,False,True,True,False,False,False,True,False,False,False,False,False,False,False,False,False
39,3,11938,24,True,True,False,False,False,False,False,True,False,False,False,False,False,False,False,False,True
23,1,1048,10,True,True,False,False,False,False,False,True,False,False,False,False,False,False,True,False,False
63,1,1655,12,True,True,False,False,False,False,False,False,False,True,False,False,False,False,True,False,False
35,1,4679,24,True,True,False,False,False,False,False,False,False,True,True,False,False,False,False,False,False
40,2,1386,15,True,False,True,False,False,False,True,False,False,True,False,False,False,False,True,False,False
48,1,1795,18,False,False,True,False,False,False,False,True,False,False,False,False,False,False,True,False,False
27,0,750,18,False,True,False,False,False,False,False,False,False,False,False,False,True,False,False,False,False
34,2,1950,18,True,True,False,False,False,False,False,False,False,True,False,False,False,False,False,False,False
42,1,1544,4,True,True,False,False,False,False,False,False,False,True,False,False,False,False,True,False,False
23,2,448,6,False,True,False,False,False,False,False,False,False,False,False,False,True,False,False,False,False
38,2,3914,48,True,True,False,False,False,False,True,False,False,True,False,False,False,False,False,False,False
35,2,691,12,True,True,False,False,False,False,False,False,False,False,True,False,False,False,False,False,False
57,2,2225,36,True,False,False,False,False,False,False,True,False,False,True,False,False,False,False,False,False
35,1,4380,18,True,True,False,True,False,False,False,False,False,False,True,False,False,False,False,False,False
36,3,1278,24,True,True,False,False,False,False,False,False,False,True,False,False,False,False,True,False,False
31,2,6350,30,True,True,False,False,False,False,True,False,False,False,False,False,False,True,False,False,False
32,1,1301,18,True,True,False,False,False,False,False,True,False,False,False,False,False,False,True,False,False
44,1,4716,6,True,True,False,False,False,False,True,False,False,False,True,False,False,False,False,False,False
44,2,2375,24,True,True,False,False,True,False,False,False,False,True,False,False,False,False,False,False,False
22,2,1808,18,False,True,False,False,False,False,False,False,False,True,False,False,False,True,False,False,False
49,2,1092,12,False,True,False,False,False,False,False,True,False,False,False,False,False,False,True,False,False
23,1,2520,27,True,True,False,False,True,False,False,True,False,False,False,False,False,False,True,False,False
61,2,1239,18,True,False,False,False,False,False,True,True,False,False,False,False,True,False,False,False,False
40,2,1585,24,True,True,False,False,False,False,False,False,False,True,False,False,False,True,False,False,False
26,2,4210,36,True,True,False,False,False,False,False,False,True,False,False,False,False,False,True,False,False
59,2,6416,48,False,False,True,False,False,False,False,True,False,False,False,False,False,False,False,False,False
33,2,2058,24,True,True,False,False,False,False,False,False,False,True,False,False,False,False,False,True,False
27,2,1995,12,True,True,False,True,False,False,False,True,False,False,True,False,False,False,False,False,False
44,2,10127,48,True,False,False,False,True,False,False,False,False,True,True,False,False,False,False,False,False
24,2,6560,48,True,True,False,True,False,False,False,True,False,False,True,False,False,False,False,False,False
22,2,2828,24,True,True,False,False,True,False,False,False,False,False,False,False,False,True,False,False,False
42,3,10366,60,True,True,False,False,False,False,False,False,False,True,True,False,False,False,False,False,False
30,2,3566,48,True,True,False,True,False,False,False,True,False,False,False,False,False,False,False,False,False
31,3,7582,48,True,False,False,True,False,False,False,True,False,False,False,False,False,False,False,False,True
46,1,2251,12,False,True,False,False,False,False,False,False,True,False,False,False,False,True,False,False,False
35,2,8858,48,True,False,False,False,False,False,True,False,False,True,True,False,False,False,False,False,False
37,2,1819,36,True,False,False,False,False,False,False,False,False,True,False,False,True,False,False,False,False
35,2,1680,12,True,True,False,False,True,False,False,False,False,False,False,False,False,False,True,False,False
33,2,3074,9,True,True,False,False,False,False,True,False,False,True,False,False,False,False,True,False,False
24,2,1554,6,False,False,True,False,False,False,False,False,False,True,False,False,False,False,True,False,False
21,2,886,12,False,True,False,False,False,False,True,False,False,True,False,False,False,False,True,False,False
21,2,2779,18,True,False,True,False,False,False,False,True,False,False,True,False,False,False,False,False,False
37,1,3565,12,True,True,False,False,False,False,True,False,False,True,False,False,True,False,False,False,False
30,3,1919,30,True,True,False,True,False,False,False,True,False,False,False,False,False,False,True,False,False
53,3,7865,12,True,False,False,False,False,False,False,False,False,False,False,False,False,True,False,False,False
46,3,7629,48,True,True,False,False,False,False,True,False,False,True,False,False,False,False,False,False,False
45,2,2303,24,True,True,False,False,False,False,False,False,False,False,True,False,False,False,False,False,False
48,2,1024,24,True,True,False,False,False,False,False,False,False,False,False,False,False,False,True,False,False
29,2,2171,12,False,True,False,False,False,False,False,False,False,True,False,False,False,False,True,False,False
60,2,2246,12,True,True,False,False,False,False,False,False,False,False,False,False,False,True,False,False,False
25,2,2238,18,False,True,False,False,False,False,False,False,False,True,False,False,False,False,True,False,False
27,2,8613,27,True,True,False,False,False,True,False,False,False,True,True,False,False,False,False,False,False
25,0,2473,18,True,True,False,False,False,False,False,False,False,False,False,False,False,True,False,False,False
27,2,1347,10,True,True,False,False,False,False,True,False,True,False,False,False,False,False,True,False,False
74,0,1299,6,True,True,False,False,False,False,False,False,True,False,True,False,False,False,False,False,False
24,2,2323,36,True,False,True,False,False,False,False,True,False,False,False,False,False,False,True,False,False
31,2,1449,6,True,True,False,True,False,False,False,True,False,False,False,False,False,False,False,False,False
28,2,3343,15,True,False,False,False,False,False,False,False,False,True,False,False,False,True,False,False,False
39,3,3249,36,True,False,False,False,False,False,False,False,False,False,True,False,False,False,False,False,False
27,1,1082,9,True,True,False,False,False,False,False,True,False,False,False,False,False,False,True,False,False
21,1,6568,24,True,True,False,False,False,False,False,False,False,False,False,False,False,False,False,False,False
39,2,10297,48,True,False,False,False,False,False,False,False,False,False,True,False,False,False,False,False,False
29,2,3959,15,False,True,False,False,False,False,False,False,False,False,True,False,False,False,False,False,False
40,0,3590,18,True,True,False,False,False,False,False,True,False,False,False,False,False,False,False,False,False
24,1,626,12,False,True,False,False,False,False,False,False,False,False,False,False,False,False,True,False,False
27,1,7418,60,True,True,False,False,False,False,True,True,False,False,False,False,False,False,True,False,False
33,2,3029,15,True,True,False,False,False,False,False,False,False,True,True,False,False,False,False,False,False
35,0,1549,9,True,True,False,False,False,False,True,True,False,False,True,False,False,False,False,False,False
34,2,2825,24,True,True,False,False,False,False,True,True,False,False,False,False,False,False,False,False,False
22,2,3832,30,True,True,False,False,False,False,False,True,False,False,False,False,False,True,False,False,False
44,3,12579,24,False,False,False,False,False,False,False,True,False,False,True,False,False,False,False,False,False
37,2,2100,18,True,True,False,False,False,False,False,False,True,False,False,False,False,False,True,False,False
34,2,2622,18,True,True,False,True,False,False,False,True,False,False,False,False,False,False,False,False,False
20,2,1967,24,False,True,False,False,False,False,False,True,False,False,False,False,False,False,True,False,False
24,3,7408,60,False,True,False,True,False,False,False,True,False,False,True,False,False,False,False,False,False
33,1,2384,36,True,False,True,False,False,False,False,True,False,False,False,False,False,False,False,True,False
31,2,1957,6,False,True,False,False,False,False,False,False,False,False,False,False,False,False,True,False,False
29,2,2743,28,True,True,False,False,False,False,False,False,False,True,False,False,False,False,True,False,False
63,2,781,10,True,False,False,False,False,False,False,False,True,False,True,False,False,False,False,False,False
45,3,8978,14,True,True,False,False,False,False,False,False,False,False,True,False,False,False,False,False,False
26,2,2812,24,False,False,True,False,False,False,True,False,False,False,True,False,False,False,False,False,False
32,2,4583,30,True,True,False,False,False,False,False,False,False,False,False,False,False,True,False,False,False
42,2,522,12,True,True,False,False,True,False,False,False,False,True,False,False,False,False,True,False,False
54,2,3051,48,True,True,False,False,False,False,False,False,False,False,False,True,False,False,False,False,False
23,3,1961,18,False,True,False,False,False,False,False,False,True,False,True,False,False,False,False,False,False
23,2,2146,10,False,False,True,False,False,False,False,False,False,True,False,False,False,True,False,False,False
21,2,3441,30,False,False,True,True,False,False,False,True,False,False,False,False,False,True,False,False,False
53,2,795,12,False,True,False,False,False,False,False,False,False,False,False,False,True,False,False,False,False
32,2,4594,18,True,True,False,False,False,False,False,False,False,True,False,False,False,False,True,False,False
29,3,2679,24,False,True,False,False,False,False,False,False,False,True,True,False,False,False,False,False,False
57,1,709,12,True,True,False,False,False,False,False,False,False,False,False,False,False,False,True,False,False
31,2,1360,15,True,True,False,False,False,False,False,False,False,True,False,False,False,False,True,False,False
63,2,7596,30,True,True,False,False,False,False,True,False,False,True,True,False,False,False,False,False,False
30,2,3069,24,True,False,False,True,False,False,False,True,False,False,False,False,False,True,False,False,False
36,2,4042,42,True,True,False,False,True,False,False,False,False,True,False,False,False,True,False,False,False
25,1,685,12,True,True,False,False,False,False,False,True,False,False,True,False,False,False,False,False,False
52,1,2315,10,True,True,False,False,False,False,False,False,False,False,False,False,False,False,True,False,False
43,2,2899,18,True,True,False,False,False,False,True,True,False,False,True,False,False,False,False,False,False
25,2,2969,12,False,False,True,False,False,False,False,True,False,False,False,False,False,True,False,False,False
34,2,2415,7,True,True,False,False,False,False,False,True,False,False,False,False,False,False,True,False,False
24,1,2214,12,True,True,False,False,False,False,False,False,False,False,False,False,False,False,True,False,False
27,3,3416,27,True,True,False,False,False,False,False,False,False,False,False,False,False,False,True,False,False
47,2,2353,21,True,True,False,False,False,False,False,True,False,False,True,False,False,False,False,False,False
27,2,2820,36,True,True,False,False,False,False,False,True,False,False,True,False,False,False,False,False,False
39,3,3345,24,True,False,True,False,False,False,False,False,False,False,False,False,False,True,False,False,False
60,1,1199,24,True,True,False,False,False,False,False,False,False,False,True,False,False,False,False,False,False
28,2,1413,24,True,True,False,False,False,False,False,False,False,True,False,False,False,False,True,False,False
38,2,3512,24,True,True,False,True,False,False,False,True,False,False,True,False,False,False,False,False,False
37,2,1225,10,True,True,False,False,False,False,False,False,True,False,False,True,False,False,False,False,False
39,2,2299,36,True,True,False,False,True,False,False,False,False,True,False,False,False,False,True,False,False
26,2,3749,24,False,True,False,False,False,False,False,False,True,False,False,False,False,True,False,False,False
25,2,4933,39,True,True,False,False,False,False,False,True,False,False,False,False,False,False,True,False,False
41,1,1244,9,False,False,True,False,False,False,True,False,False,True,False,False,True,False,False,False,False
42,2,10477,36,True,False,False,False,False,False,True,False,False,True,True,False,False,False,False,False,False
44,1,6204,18,True,True,False,False,False,False,False,True,False,False,False,False,False,False,False,True,False
37,2,10222,48,True,True,False,False,False,False,True,False,False,True,False,False,False,False,True,False,False
37,2,609,6,False,True,False,False,False,False,False,False,False,False,True,False,False,False,False,False,False
35,2,1410,14,True,True,False,False,True,False,False,True,False,False,False,False,False,False,False,False,False
34,3,6850,15,True,True,False,True,False,False,False,True,False,False,True,False,False,False,False,False,False
51,2,682,12,False,True,False,True,False,False,False,False,False,True,True,False,False,False,False,False,False
40,1,1155,12,True,True,False,False,False,False,False,True,False,False,False,False,False,False,True,False,False
40,1,701,12,True,True,False,False,False,False,False,False,False,False,False,False,False,False,True,False,False
49,1,3124,12,True,True,False,False,False,False,False,True,False,False,True,False,False,False,False,False,False
36,3,3275,21,True,True,False,False,False,False,False,False,False,True,True,False,False,False,False,False,False
23,1,660,6,True,False,True,False,True,False,False,False,False,True,False,False,False,False,False,True,False
29,1,1659,24,False,False,True,False,False,False,False,False,False,False,False,False,False,False,True,False,False
51,2,1595,6,True,True,False,False,False,False,False,False,False,True,False,False,False,False,True,False,False
23,2,1444,15,True,True,False,False,False,False,True,True,False,False,False,False,False,False,True,False,False
53,2,7119,48,True,False,False,False,False,False,False,False,False,False,False,False,False,True,False,False,False
41,3,6313,24,True,True,False,False,False,False,True,False,False,True,True,False,False,False,False,False,False
35,2,1979,15,True,True,False,False,False,False,True,False,False,True,False,False,False,False,True,False,False
21,2,15653,60,True,True,False,False,False,False,False,False,False,True,False,False,False,False,True,False,False
42,2,1965,24,False,False,True,False,False,False,True,True,False,False,True,False,False,False,False,False,False
66,3,1908,30,True,True,False,False,False,False,False,False,True,False,False,False,False,False,False,False,False
37,3,4712,24,True,True,False,False,False,False,True,True,False,False,False,False,False,False,False,False,False
42,2,5084,24,False,True,False,False,False,False,True,True,False,False,False,False,False,False,True,False,False
56,2,618,12,True,True,False,False,False,False,False,False,False,True,False,False,False,False,True,False,False
49,1,2096,12,True,True,False,False,False,False,False,False,False,True,False,False,True,False,False,False,False
28,1,1797,13,True,True,False,False,False,False,False,False,False,False,False,False,False,False,False,False,False
25,1,866,18,True,True,False,False,False,False,False,True,False,False,False,False,False,False,True,False,False
40,3,3857,30,True,True,False,False,False,False,False,False,False,False,True,False,False,False,False,False,False
35,2,1592,12,False,True,False,False,False,True,False,False,False,True,False,False,False,True,False,False,False
46,3,6842,24,True,True,False,False,False,False,True,False,False,True,True,False,False,False,False,False,False
28,3,5234,30,True,True,False,False,False,False,False,True,False,False,True,False,False,False,False,False,False
39,2,860,6,False,True,False,False,False,False,False,False,False,False,True,False,False,False,False,False,False
32,2,2697,9,True,True,False,False,False,False,False,False,False,True,False,False,False,False,True,False,False
26,2,1311,24,True,True,False,True,False,False,False,False,False,True,False,False,False,False,True,False,False
31,2,2901,10,False,False,True,False,False,False,True,False,False,True,True,False,False,False,False,False,False
27,2,5998,40,True,True,False,False,False,False,False,False,False,False,False,False,True,False,False,False,False
27,0,709,6,True,True,False,False,False,True,False,False,True,False,True,False,False,False,False,False,False
48,1,4351,24,False,True,False,False,False,False,True,True,False,False,False,False,False,True,False,False,False
27,2,2326,15,True,True,False,False,True,False,False,True,False,False,False,False,False,False,False,False,False
43,1,7393,24,True,True,False,False,False,False,False,False,False,True,True,False,False,False,False,False,False
37,2,3535,36,True,True,False,False,False,False,False,False,False,True,True,False,False,False,False,False,False
32,1,1231,10,True,True,False,False,False,False,False,False,False,True,True,False,False,False,False,False,False
24,2,3190,18,False,True,False,False,False,False,False,False,False,False,False,False,False,False,True,False,False
43,2,1333,24,True,False,False,False,False,False,False,False,False,False,True,False,False,False,False,False,False
36,1,1572,21,False,True,False,False,False,True,False,False,False,True,False,False,False,False,False,False,False
32,1,931,6,False,True,False,True,False,False,False,True,False,False,True,False,False,False,False,False,False
28,2,3595,36,True,True,False,False,False,False,False,False,False,True,False,False,False,False,True,False,False
24,2,8487,48,False,True,False,False,False,False,True,True,False,False,True,False,False,False,False,False,False
43,1,1459,15,False,True,False,False,False,False,False,False,False,True,False,False,False,False,True,False,False
25,2,2394,36,False,True,False,False,False,False,True,False,False,True,False,False,False,False,True,False,False
41,2,3160,21,True,True,False,False,False,False,True,False,False,True,False,False,False,False,True,False,False
29,1,1494,4,True,True,False,False,False,False,True,False,True,False,True,False,False,False,False,False,False
54,2,1597,24,True,False,False,False,False,False,False,False,False,True,False,False,True,False,False,False,False
35,2,1204,6,True,False,True,True,False,False,False,False,False,True,True,False,False,False,False,False,False
23,2,2406,30,False,False,True,False,False,False,False,False,False,False,False,False,False,True,False,False,False
23,1,6229,36,False,False,True,False,False,False,False,False,False,False,False,False,False,True,False,False,False
37,2,1402,12,False,False,True,False,True,False,False,False,False,True,False,False,False,True,False,False,False
29,3,1412,12,False,True,False,False,False,False,False,False,False,True,False,False,False,False,False,False,False
31,1,1410,12,True,True,False,False,False,False,False,True,False,False,False,False,True,False,False,False,False
27,1,3643,15,False,True,False,False,False,False,False,False,False,False,False,False,False,True,False,False,False
39,2,2522,30,True,True,False,False,False,False,False,False,False,False,False,False,False,False,True,False,False
35,1,10722,47,False,True,False,False,False,False,False,False,False,False,True,False,False,False,False,False,False
48,1,2241,10,True,False,True,False,False,False,False,False,False,False,True,False,False,False,False,False,False
44,2,2647,6,True,False,True,False,True,False,False,False,False,False,False,False,False,False,True,False,False
29,2,518,6,False,True,False,False,False,False,False,False,False,True,False,False,False,False,True,False,False
22,2,3149,24,True,False,False,False,False,False,False,False,False,False,False,False,False,True,False,False,False
58,2,1867,30,True,True,False,False,False,False,True,False,False,True,False,False,False,False,True,False,False
30,2,1602,21,True,True,False,False,False,False,False,False,False,False,True,False,False,False,False,False,False
42,2,1346,6,True,False,False,True,False,False,False,False,False,True,False,False,False,False,True,False,False
27,2,343,6,False,True,False,False,False,False,False,False,False,False,False,True,False,False,False,False,False
34,1,3844,48,True,False,False,True,False,False,False,True,False,False,False,False,False,False,False,False,False
35,3,1393,11,False,True,False,False,False,False,False,False,False,True,True,False,False,False,False,False,False
24,2,1800,18,True,True,False,False,False,False,False,False,False,True,False,False,False,False,True,False,False
22,1,276,9,True,False,True,False,False,False,False,True,False,False,True,False,False,False,False,False,False
46,2,1582,18,True,True,False,False,False,True,False,False,False,True,False,False,False,False,True,False,False
45,2,10875,36,True,True,False,False,False,False,False,False,False,True,True,False,False,False,False,False,False
30,2,4657,15,True,True,False,False,False,False,False,False,False,True,True,False,False,False,False,False,False
61,1,3059,12,True,True,False,False,False,True,False,False,False,True,False,False,False,False,True,False,False
43,2,2515,18,True,True,False,False,False,False,False,False,False,True,False,False,False,True,False,False,False
41,2,3979,48,True,True,False,False,False,False,True,True,False,False,False,False,False,False,True,False,False
20,2,2221,15,False,False,True,False,True,False,False,False,False,True,False,False,False,True,False,False,False
47,1,731,8,True,True,False,False,False,False,False,False,False,False,True,False,False,False,False,False,False
68,0,1175,16,True,False,False,False,False,False,False,True,False,False,True,False,False,False,False,False,False
40,3,1905,15,True,False,True,False,False,False,False,False,True,False,False,False,True,False,False,False,False
37,1,2118,9,True,True,False,False,False,False,False,True,False,False,False,False,False,False,True,False,False
31,2,4473,36,True,True,False,False,False,False,False,False,True,False,False,False,False,False,True,False,False
43,2,2625,16,True,False,True,False,False,False,False,False,False,False,True,False,False,False,False,False,False
33,2,2051,18,True,True,False,False,False,False,False,False,False,True,False,False,False,False,True,False,False
32,2,1136,9,True,False,False,False,False,True,False,True,False,False,False,False,True,False,False,False,False
39,2,1473,18,True,True,False,False,False,False,False,False,False,True,False,False,False,False,True,False,False
30,3,2333,30,True,True,False,False,True,False,False,False,False,True,False,False,False,False,True,False,False
61,2,2012,12,False,True,False,False,False,False,True,False,False,True,False,False,True,False,False,False,False
27,2,1185,12,False,True,False,False,False,False,False,False,False,True,False,False,False,False,False,False,False
20,1,2718,24,False,False,True,False,False,False,False,True,False,False,True,False,False,False,False,False,False
47,1,958,12,True,True,False,False,False,False,False,True,False,False,True,False,False,False,False,False,False
46,2,1223,12,True,False,True,False,False,False,False,True,False,False,True,False,False,False,False,False,False
36,2,2799,9,True,False,True,False,False,False,False,False,False,False,True,False,False,False,False,False,False
30,3,4455,36,True,True,False,False,False,False,False,True,False,False,False,False,False,False,False,False,False
34,3,2910,24,True,False,False,False,False,False,False,False,False,False,True,False,False,False,False,False,False
27,2,1924,18,False,False,True,False,False,False,True,True,False,False,False,False,False,True,False,False,False
47,2,1377,24,False,False,False,True,False,False,False,False,True,False,False,False,False,False,True,False,False
30,3,2249,18,True,True,False,True,False,False,False,False,False,False,True,False,False,False,False,False,False
45,2,7882,42,True,False,False,False,False,False,False,False,False,False,False,False,False,True,False,False,False
26,2,1158,12,True,True,False,False,True,False,False,True,False,False,False,False,False,False,True,False,False
21,2,2570,27,False,False,True,False,False,False,False,False,False,True,True,False,False,False,False,False,False
32,3,1880,18,True,True,False,False,False,False,False,False,False,False,False,False,False,False,True,False,False
34,3,6614,36,True,True,False,False,False,False,False,False,False,True,True,False,False,False,False,False,False
34,3,3017,12,False,False,True,False,False,False,False,True,False,False,False,False,False,True,False,False,False
29,3,1901,24,True,False,True,True,False,False,False,False,False,True,False,False,False,False,True,False,False
26,2,1345,18,True,True,False,False,False,False,False,False,False,False,False,False,False,False,True,False,False
23,2,392,15,False,False,True,False,False,False,False,False,True,False,False,False,True,False,False,False,False
54,0,672,6,False,True,False,False,False,False,False,False,False,True,True,False,False,False,False,False,False
35,2,1471,15,True,False,False,False,False,False,False,False,False,True,False,False,False,False,True,False,False
34,2,1525,24,False,True,False,False,False,True,False,False,False,True,True,False,False,False,False,False,False
37,3,12749,48,True,True,False,False,True,False,False,False,False,True,False,False,False,False,True,False,False
22,2,1858,12,False,False,True,False,False,False,False,False,False,False,False,False,False,True,False,False,False
35,2,5842,36,True,True,False,False,False,False,False,False,False,True,True,False,False,False,False,False,False
32,2,2848,10,True,True,False,True,False,False,False,False,False,True,True,False,False,False,False,False,False
33,2,1042,18,False,True,False,False,False,False,True,True,False,False,True,False,False,False,False,False,False
26,2,1388,9,False,False,True,False,False,False,False,False,False,True,False,False,False,True,False,False,False
66,3,1526,12,True,False,False,False,False,False,False,False,False,False,True,False,False,False,False,False,False
28,2,1817,18,False,True,False,False,False,False,False,False,False,True,False,False,False,True,False,False,False
25,2,7855,36,False,True,False,False,False,False,False,False,False,True,True,False,False,False,False,False,False
26,1,4280,30,False,False,True,True,False,False,False,True,False,False,False,False,False,False,False,False,False
37,2,3380,4,False,True,False,False,False,False,False,False,False,True,True,False,False,False,False,False,False
41,1,662,6,True,True,False,False,False,False,False,False,False,False,True,False,False,False,False,False,False
31,1,1736,12,False,True,False,False,False,False,False,False,False,True,False,False,False,True,False,False,False
26,2,3414,21,True,True,False,False,False,False,False,False,False,False,False,False,True,False,False,False,False
27,2,1101,12,True,True,False,False,False,False,False,False,False,True,True,False,False,False,False,False,False
21,2,1766,6,True,False,True,False,False,False,False,False,False,True,False,False,False,True,False,False,False
36,2,846,7,True,False,False,False,False,False,True,False,False,True,False,False,False,False,True,False,False
30,2,918,9,False,True,False,False,False,False,False,True,False,False,False,False,False,True,False,False,False
32,2,3062,24,True,False,True,False,True,False,False,False,False,True,False,False,False,True,False,False,False
61,3,1953,36,True,False,False,False,False,False,False,True,False,False,False,False,False,False,False,False,False
24,1,3763,21,True,True,False,False,False,False,True,False,False,False,True,False,False,False,False,False,False
33,3,4439,18,True,True,False,False,False,False,False,True,False,False,False,False,False,False,False,False,False
21,1,1987,24,True,False,True,False,False,False,False,False,False,False,False,False,False,False,True,False,False
42,2,4153,18,True,True,False,False,False,False,False,False,False,False,False,False,False,True,False,False,False
34,3,1591,21,True,True,False,True,False,False,False,False,False,True,False,False,False,True,False,False,False
51,3,1164,8,True,False,False,False,False,False,False,False,False,False,False,False,False,False,False,False,True
25,2,1206,9,False,True,False,False,False,False,False,True,False,False,False,False,False,False,True,False,False
41,3,3868,24,False,False,True,False,False,False,False,False,False,True,True,False,False,False,False,False,False
31,2,6758,48,False,True,False,False,False,False,False,False,False,False,False,False,False,False,True,False,False
31,2,6148,20,True,True,False,True,False,False,False,True,False,False,True,False,False,False,False,False,False
23,2,1553,24,False,False,True,True,False,False,False,True,False,False,False,False,False,False,True,False,False
28,2,2603,24,False,False,True,False,False,True,False,False,False,True,True,False,False,False,False,False,False
37,2,3612,18,False,True,False,False,False,False,False,True,False,False,False,False,False,True,False,False,False
36,2,6742,30,True,True,False,False,False,False,True,False,False,True,False,False,False,False,True,False,False
26,3,10974,36,False,True,False,False,False,False,False,False,False,True,False,False,False,True,False,False,False
30,2,1740,6,True,False,True,False,False,False,False,False,False,True,False,False,False,False,True,False,False
49,2,1038,10,True,True,False,False,False,False,False,False,False,False,True,False,False,False,False,False,False
23,2,8471,18,False,False,True,False,False,False,True,False,False,False,False,False,True,False,False,False,False
20,3,1107,12,True,False,True,False,False,False,False,False,False,False,False,False,False,False,True,False,False
28,2,6199,12,True,False,True,False,False,False,False,False,False,False,False,False,False,False,True,False,False
26,2,1934,12,True,True,False,False,False,False,False,False,False,True,False,False,False,False,True,False,False
57,3,1231,24,False,False,True,False,False,True,False,False,False,False,False,False,False,False,True,False,False
27,2,1237,6,False,True,False,True,False,False,False,False,False,True,False,False,False,False,True,False,False
70,3,7308,10,True,False,False,False,False,False,False,True,False,False,True,False,False,False,False,False,False
26,2,1076,12,True,True,False,False,False,False,False,False,False,True,False,False,False,False,False,False,False
27,2,10961,48,True,True,False,False,False,True,False,True,False,False,False,False,False,False,True,False,False
24,2,2124,18,False,False,True,False,False,False,False,False,False,False,False,False,False,True,False,False,False
30,2,1055,18,False,True,False,False,False,False,False,False,False,True,True,False,False,False,False,False,False
21,2,902,12,True,False,True,False,False,False,False,False,False,False,False,False,True,False,False,False,False
30,2,8358,48,False,True,False,False,True,False,False,True,False,False,True,False,False,False,False,False,False
22,2,433,18,False,False,True,False,False,False,False,False,False,True,False,False,False,False,True,False,False
37,2,2279,12,True,False,False,False,False,False,True,False,False,True,False,False,False,False,True,False,False
49,1,1262,12,True,True,False,False,False,False,True,False,False,False,False,False,False,True,False,False,False
46,2,6331,48,True,False,False,False,False,False,False,False,False,False,True,False,False,False,False,False,False
40,3,1977,36,True,True,False,False,False,False,True,False,False,False,False,False,True,False,False,False,False
32,2,2978,24,True,True,False,False,False,False,True,False,False,True,False,False,False,False,False,False,False
26,1,4272,30,True,True,False,True,False,False,False,False,False,True,False,False,False,False,False,False,False
38,2,1216,24,True,True,False,True,False,False,False,True,False,False,False,False,False,False,True,False,False
40,1,1647,21,True,True,False,False,False,False,True,False,False,False,True,False,False,False,False,False,False
46,3,2476,21,True,True,False,False,False,False,True,False,False,True,True,False,False,False,False,False,False
40,2,7824,28,True,False,True,False,False,False,True,False,False,True,True,False,False,False,False,False,False
25,2,1371,24,False,False,True,False,False,False,True,False,False,False,True,False,False,False,False,False,False
28,2,9572,36,True,True,False,False,False,False,False,False,False,True,False,False,False,False,False,False,False
27,1,2708,15,True,True,False,False,False,False,False,False,False,True,False,False,False,True,False,False,False
43,1,1516,24,False,True,False,False,False,True,False,False,False,True,False,False,False,False,True,False,False
31,1,3108,30,True,True,False,False,False,False,False,False,False,False,False,False,False,True,False,False,False
24,2,458,9,True,True,False,False,False,False,False,True,False,False,False,False,False,False,True,False,False
41,1,5954,42,False,True,False,False,False,False,False,True,False,False,False,False,False,False,False,False,False
27,2,3552,24,True,True,False,False,False,False,False,False,False,False,False,False,False,True,False,False,False
36,2,1275,24,True,True,False,False,False,True,False,False,True,False,False,False,False,False,False,False,False
28,2,4169,24,True,True,False,False,False,False,False,False,False,False,False,False,False,True,False,False,False
34,2,6527,60,True,False,False,False,False,False,True,False,False,True,True,False,False,False,False,False,False
22,2,3632,24,False,False,True,False,False,False,False,False,False,False,True,False,False,False,False,False,False
31,2,3651,12,True,True,False,False,False,True,False,False,False,False,True,False,False,False,False,False,False
36,2,2337,36,True,True,False,False,False,False,False,True,False,False,False,False,False,False,True,False,False
36,2,1913,18,True,True,False,False,False,True,False,True,False,False,False,False,False,False,False,False,False
33,2,1414,8,True,True,False,False,False,False,False,True,False,False,False,False,False,False,True,False,False
63,2,2957,24,True,True,False,False,False,False,False,False,False,False,True,False,False,False,False,False,False
28,3,2923,21,False,True,False,True,False,False,False,False,True,False,True,False,False,False,False,False,False
20,2,4675,12,False,False,True,False,False,False,True,False,False,True,True,False,False,False,False,False,False
48,2,2134,9,True,True,False,False,False,False,False,False,False,True,True,False,False,False,False,False,False
28,2,2142,11,True,True,False,False,False,True,False,False,False,True,False,False,False,False,False,False,False
33,2,2319,21,True,False,True,False,False,False,False,False,True,False,False,False,True,False,False,False,False
21,2,1049,18,False,False,True,False,False,False,False,False,False,False,False,False,False,True,False,False,False
28,2,939,12,True,True,False,False,True,False,False,False,True,False,True,False,False,False,False,False,False
68,2,6761,18,True,False,True,False,False,False,True,False,False,True,True,False,False,False,False,False,False
44,2,1478,15,True,True,False,False,False,False,False,False,False,False,False,False,False,True,False,False,False
32,2,6078,12,True,True,False,False,False,False,False,True,False,False,True,False,False,False,False,False,False
24,1,1568,18,False,False,True,True,False,False,False,False,False,True,False,False,False,False,False,False,False
65,0,1098,18,False,True,False,False,False,False,False,False,False,True,False,False,False,False,True,False,False
23,2,4281,33,False,True,False,False,True,False,False,False,False,False,False,False,False,True,False,False,False
26,2,1453,18,False,True,False,False,False,False,False,False,False,True,False,False,False,False,True,False,False
42,1,1503,4,True,True,False,False,False,False,False,False,False,True,False,False,False,False,True,False,False
45,3,8588,39,True,True,False,True,False,False,False,False,False,True,True,False,False,False,False,False,False
47,2,3422,18,True,True,False,False,False,False,False,False,False,True,False,False,False,True,False,False,False
64,2,1409,13,False,True,False,True,False,False,False,False,False,True,False,False,False,False,True,False,False
42,2,3331,12,True,True,False,False,False,False,False,False,False,True,False,False,False,True,False,False,False
43,2,4042,24,True,True,False,False,False,False,True,False,False,True,True,False,False,False,False,False,False
28,2,1068,6,True,True,False,False,False,False,False,True,False,False,False,False,False,False,True,False,False
37,3,3399,12,True,True,False,False,False,False,True,False,True,False,False,False,False,False,True,False,False
23,2,1943,18,False,True,False,False,False,False,False,False,False,True,False,False,False,False,False,True,False
38,2,5954,30,True,True,False,False,False,False,False,False,False,True,False,False,False,False,True,False,False
28,1,745,9,False,True,False,False,False,False,False,False,True,False,False,False,False,False,True,False,False
20,2,3617,24,True,False,True,False,False,False,True,False,True,False,False,False,False,True,False,False,False
27,2,3652,21,True,True,False,False,False,False,False,True,False,False,False,False,False,False,False,False,False
23,1,976,18,False,True,False,False,False,False,False,False,False,False,True,False,False,False,False,False,False
45,1,4006,28,True,True,False,False,False,False,False,False,False,False,True,False,False,False,False,False,False
58,2,15945,54,True,False,True,False,False,False,False,True,False,False,False,False,False,False,False,False,False
44,3,3384,6,True,False,True,False,False,False,False,False,False,False,False,False,False,True,False,False,False
52,2,936,9,True,True,False,False,True,False,False,False,False,True,False,False,True,False,False,False,False
32,2,4611,6,False,True,False,False,False,False,False,False,False,True,False,False,False,True,False,False,False
30,2,7721,24,False,True,False,False,False,False,True,False,False,False,False,False,False,True,False,False,False
28,2,2169,18,True,True,False,False,False,False,False,False,False,True,False,False,False,False,False,False,False
38,3,5711,36,True,True,False,False,False,True,False,False,False,True,True,False,False,False,False,False,False
22,2,741,12,False,True,False,True,False,False,False,False,False,False,False,True,False,False,False,False,False
24,2,2080,6,True,True,False,False,True,False,False,False,False,True,True,False,False,False,False,False,False
34,2,4454,36,False,True,False,False,False,False,False,False,False,True,False,False,False,False,True,False,False
25,1,4746,45,True,True,False,False,False,False,False,True,False,False,False,False,False,False,True,False,False
29,3,6579,24,True,False,False,False,False,False,False,False,False,False,True,False,False,False,False,False,False
37,1,1922,12,True,True,False,False,False,False,False,True,False,False,False,False,False,True,False,False,False
50,2,2241,21,True,True,False,False,False,False,False,False,False,True,False,False,False,True,False,False,False
24,2,4308,48,False,False,True,False,False,False,False,False,False,False,False,False,False,False,False,False,False
40,2,3077,30,True,True,False,False,False,False,True,False,False,True,False,False,False,False,True,False,False
32,2,2273,36,True,True,False,False,False,False,False,True,False,False,False,False,True,False,False,False,False
36,2,884,18,True,True,False,False,False,False,False,True,False,False,True,False,False,False,False,False,False
52,2,2223,24,True,True,False,True,False,False,False,False,False,True,False,False,False,False,True,False,False
32,2,1552,24,True,True,False,False,False,False,False,False,False,True,False,False,False,False,True,False,False
31,2,1393,24,True,True,False,False,False,False,False,False,False,True,True,False,False,False,False,False,False
22,2,1478,9,True,True,False,False,False,False,False,False,False,True,False,False,False,False,True,False,False
41,2,2712,36,True,True,False,False,False,False,False,False,False,False,False,False,False,True,False,False,False
35,2,3386,12,True,False,False,False,False,False,False,False,False,False,True,False,False,False,False,False,False
26,2,4370,42,True,True,False,False,False,False,False,False,False,False,False,False,False,False,True,False,False
23,0,14555,6,True,True,False,False,False,False,True,True,False,False,True,False,False,False,False,False,False
23,2,2288,21,False,True,False,False,False,False,False,False,False,True,False,False,False,True,False,False,False
33,2,3244,18,False,True,False,False,False,False,False,True,False,False,False,False,False,True,False,False,False
36,2,2247,12,False,True,False,False,False,False,False,False,True,False,True,False,False,False,False,False,False
38,0,926,12,False,True,False,False,False,False,False,False,False,True,True,False,False,False,False,False,False
24,2,9271,36,True,True,False,False,False,False,False,False,False,False,True,False,False,False,False,False,False
35,2,2439,24,False,True,False,False,False,False,False,False,False,False,False,False,False,False,True,False,False
38,2,804,12,True,True,False,False,False,False,False,False,False,True,False,False,False,False,True,False,False
43,2,1203,6,True,True,False,True,False,False,False,False,False,False,True,False,False,False,False,False,False
36,2,1028,18,False,True,False,False,False,False,False,False,False,True,True,False,False,False,False,False,False
27,2,3850,18,True,True,False,False,False,False,False,False,False,True,True,False,False,False,False,False,False
38,2,947,24,True,False,False,False,False,False,False,False,True,False,True,False,False,False,False,False,False
26,2,4788,48,True,True,False,False,False,False,False,False,False,False,True,False,False,False,False,False,False
38,1,708,12,True,True,False,False,False,False,False,False,False,False,False,False,False,True,False,False,False
38,3,7814,24,True,True,False,False,False,False,False,False,False,True,True,False,False,False,False,False,False
24,2,874,15,False,True,False,False,False,False,True,False,False,True,False,True,False,False,False,False,False
34,2,6999,48,True,True,False,False,False,False,False,False,False,False,False,False,False,False,True,False,False
22,1,454,6,True,True,False,False,False,False,False,True,False,False,False,False,False,False,False,True,False
44,2,3485,20,True,True,False,False,False,False,True,False,False,True,True,False,False,False,False,False,False
38,2,754,12,True,True,False,False,False,False,True,True,False,False,False,False,True,False,False,False,False
22,2,3092,24,True,False,True,True,False,False,False,True,False,False,False,False,False,False,True,False,False
26,2,9960,48,False,True,False,False,False,False,False,True,False,False,False,False,False,True,False,False,False
25,1,4736,24,False,True,False,False,False,False,False,True,False,False,False,False,False,True,False,False,False
25,2,8072,30,True,True,False,False,False,False,True,False,False,False,False,False,False,False,False,False,False
26,2,1386,12,False,True,False,False,True,False,False,False,False,True,True,False,False,False,False,False,False
27,1,1168,12,True,True,False,False,False,False,False,False,False,False,True,False,False,False,False,False,False
27,2,4576,45,True,True,False,True,False,False,False,True,False,False,True,False,False,False,False,False,False
30,3,7174,42,False,True,False,False,False,False,True,False,False,False,False,False,False,False,True,False,False
44,2,1163,12,True,True,False,False,True,False,False,False,False,True,True,False,False,False,False,False,False
75,3,1374,6,False,True,False,False,False,False,True,False,False,False,True,False,False,False,False,False,False
32,2,2528,27,False,True,False,False,False,False,False,True,False,False,False,False,False,False,False,False,False
24,2,5595,72,True,True,False,True,False,False,False,True,False,False,False,False,False,False,True,False,False
21,1,1289,12,True,True,False,False,False,False,False,False,False,False,False,False,False,True,False,False,False
24,2,1237,8,False,True,False,False,False,False,False,True,False,False,False,False,False,True,False,False,False
37,2,802,15,True,True,False,False,False,False,False,True,False,False,False,False,False,False,True,False,False
25,2,14421,48,True,True,False,False,False,False,False,True,False,False,False,False,False,False,False,False,False
29,2,2108,6,True,False,True,False,False,False,False,False,False,True,False,False,False,False,True,False,False
22,1,806,15,False,True,False,False,False,False,False,False,False,False,False,False,False,False,False,False,False
57,1,1264,12,True,False,True,False,False,False,True,False,False,True,False,False,False,False,False,False,False
35,3,1050,6,True,True,False,False,False,False,False,True,False,False,False,False,False,True,False,False,False
23,2,3488,24,False,True,False,True,False,False,False,False,False,True,True,False,False,False,False,False,False
48,2,1288,9,True,True,False,True,False,False,False,False,False,False,False,False,False,False,False,True,False
29,1,1123,12,False,False,True,False,True,False,False,False,False,True,False,False,False,True,False,False,False
27,3,1422,9,True,False,False,False,False,False,False,False,False,False,True,False,False,False,False,False,False
34,1,11998,30,True,True,False,False,False,False,False,False,False,False,False,False,False,False,False,True,False
29,1,3590,12,True,True,False,False,False,False,False,False,False,False,False,False,False,True,False,False,False
32,2,2325,24,True,True,False,True,False,False,False,False,False,False,True,False,False,False,False,False,False
26,2,5117,27,True,True,False,False,False,False,False,False,False,True,False,False,False,False,False,False,False
22,2,2039,24,True,True,False,False,False,False,False,True,False,False,False,False,False,False,True,False,False
24,2,2788,15,False,True,False,False,False,False,False,False,False,True,False,False,False,True,False,False,False
38,2,1240,12,False,True,False,False,False,False,True,False,False,True,False,False,False,False,True,False,False
39,3,6458,18,True,True,False,False,False,False,False,False,False,True,True,False,False,False,False,False,False
23,2,882,13,True,True,False,False,False,False,False,True,False,False,False,False,False,False,True,False,False
46,2,1149,18,True,True,False,False,False,True,False,False,False,True,False,False,False,False,True,False,False
25,2,1484,12,True,True,False,False,False,False,True,True,False,False,False,False,False,False,True,False,False
35,1,9055,36,True,False,False,False,False,False,True,False,False,True,False,False,True,False,False,False,False
31,1,1928,18,True,True,False,False,False,False,False,True,False,False,False,False,False,True,False,False,False
55,3,1424,12,False,True,False,False,False,False,True,False,True,False,False,False,False,True,False,False,False
34,2,2578,24,True,True,False,False,False,True,False,False,False,True,False,False,False,False,True,False,False
33,3,4844,48,True,False,True,False,False,False,False,False,False,True,False,False,False,False,False,False,False
25,2,2991,30,False,True,False,False,False,False,True,True,False,False,False,False,False,False,True,False,False
22,1,1258,12,False,False,True,False,False,False,False,False,False,True,False,False,False,True,False,False,False
22,2,1366,9,False,False,True,False,False,False,False,False,False,False,False,False,False,False,True,False,False
47,2,8335,36,True,False,False,False,False,False,True,False,False,False,True,False,False,False,False,False,False
31,2,2746,36,True,True,False,False,False,False,False,False,False,False,False,False,False,True,False,False,False
33,2,1478,15,True,True,False,False,False,False,False,False,False,True,False,False,False,False,True,False,False
41,1,888,12,True,True,False,False,False,False,False,True,False,False,True,False,False,False,False,False,False
30,2,1864,18,False,True,False,True,False,False,False,False,False,True,False,False,True,False,False,False,False
34,1,1898,6,True,True,False,False,False,False,True,False,False,True,False,False,False,False,True,False,False
31,2,5742,36,True,True,False,True,False,False,False,False,False,True,False,False,False,False,False,False,False
35,2,1198,6,False,False,False,False,False,False,False,False,False,False,False,False,True,False,False,False,False
42,3,7763,48,True,False,False,False,False,False,False,False,False,False,True,False,False,False,False,False,False
47,2,3017,30,True,True,False,False,False,False,False,False,True,False,False,False,False,False,True,False,False
41,1,719,12,True,True,False,False,False,False,False,False,False,True,False,False,True,False,False,False,False
38,2,368,6,True,True,False,False,False,False,True,True,False,False,False,False,False,False,True,False,False
47,2,1213,15,True,True,False,False,True,False,False,False,False,True,False,False,False,False,True,False,False
33,2,1474,24,True,True,False,True,False,False,False,False,False,True,True,False,False,False,False,False,False
37,1,1154,9,True,True,False,False,False,False,False,True,False,False,False,False,False,False,True,False,False
32,3,1505,18,True,False,False,False,False,False,False,False,False,True,False,False,False,False,True,False,False
23,1,3234,24,False,False,True,False,False,False,False,False,False,False,False,False,False,True,False,False,False
59,2,5045,15,False,True,False,False,False,False,True,False,False,True,True,False,False,False,False,False,False
50,2,2390,12,True,True,False,False,False,False,True,False,False,True,True,False,False,False,False,False,False
43,2,4057,24,True,True,False,False,False,False,False,True,False,False,False,False,False,True,False,False,False
30,3,3959,36,True,True,False,False,False,False,False,False,False,False,False,False,False,True,False,False,False
55,3,2578,12,False,False,False,False,False,False,False,False,False,False,False,False,False,True,False,False,False
35,3,6948,36,True,False,True,False,False,False,False,True,False,False,True,False,False,False,False,False,False
57,1,1154,11,False,True,False,True,False,False,False,False,False,True,False,False,False,False,True,False,False
65,2,571,21,True,True,False,False,False,False,False,False,False,False,True,False,False,False,False,False,False
26,2,2687,15,True,False,True,False,False,False,False,False,True,False,False,False,False,False,False,False,False
29,2,3357,21,False,True,False,False,False,True,False,False,False,False,False,False,False,False,True,False,False
33,1,3195,9,False,True,False,False,False,False,True,True,False,False,True,False,False,False,False,False,False
28,2,3060,48,True,True,False,False,False,False,False,True,False,False,False,False,False,False,True,False,False
40,3,7374,18,True,True,False,False,False,False,False,True,False,False,False,False,False,True,False,False,False
31,2,4817,24,True,True,False,False,False,False,False,False,False,False,True,False,False,False,False,False,False
42,3,2292,12,True,True,False,False,False,False,False,False,False,True,False,False,False,False,False,False,False
50,1,1047,6,False,True,False,False,False,False,False,False,True,False,False,False,True,False,False,False,False
33,2,3966,18,False,False,True,False,False,False,False,False,False,False,True,False,False,False,False,False,False
25,2,1258,24,True,True,False,False,False,False,False,False,False,True,False,False,False,False,False,False,False
32,1,4526,27,True,True,False,False,False,True,False,False,False,True,False,False,False,True,False,False,False
32,1,1282,24,False,True,False,True,False,False,False,False,False,False,False,False,False,False,True,False,False
27,3,9157,60,True,False,False,False,False,False,True,True,False,False,False,False,False,False,True,False,False
27,2,3123,24,False,True,False,False,False,False,False,False,False,False,True,False,False,False,False,False,False
34,3,1337,9,True,True,False,False,False,False,False,False,True,False,False,False,False,False,True,False,False
33,1,2186,15,False,False,True,False,False,False,True,False,False,True,False,False,False,True,False,False,False
26,2,759,12,True,True,False,False,False,False,False,False,False,False,True,False,False,False,False,False,False
37,2,7685,48,False,False,True,False,False,False,False,False,False,False,False,False,False,False,False,False,False
23,1,601,4,False,False,True,False,False,False,False,False,False,True,False,False,False,True,False,False,False
32,2,3863,24,True,False,False,False,False,False,False,False,False,True,False,False,False,False,False,False,False
36,2,7297,60,True,False,True,False,False,False,False,False,False,False,False,False,False,False,False,False,False
43,2,1935,12,True,True,False,False,False,False,False,False,False,True,False,False,False,True,False,False,False
28,2,5371,36,True,True,False,False,False,False,False,False,False,False,False,False,False,True,False,False,False
35,2,2141,12,True,True,False,True,False,False,False,False,False,True,False,False,False,False,True,False,False
28,2,2073,12,False,True,False,True,False,False,False,False,False,True,False,False,False,False,True,False,False
34,2,5800,36,True,True,False,False,False,False,False,True,False,False,True,False,False,False,False,False,False
26,1,590,6,True,True,False,False,False,False,False,True,False,False,False,False,False,False,True,False,False
29,2,1893,12,False,True,False,False,False,False,False,False,False,False,True,False,False,False,False,False,False
28,1,654,9,True,True,False,False,False,False,False,False,False,False,True,False,False,False,False,False,False
45,2,2329,7,False,True,False,False,False,False,False,True,False,False,False,False,False,False,True,False,False
23,2,1200,12,False,False,True,False,False,False,True,False,False,False,False,False,True,False,False,False,False
55,2,1413,12,True,True,False,False,False,True,False,False,False,True,True,False,False,False,False,False,False
27,2,2463,24,True,True,False,True,False,False,False,False,False,True,True,False,False,False,False,False,False
34,2,3496,30,True,True,False,False,False,True,False,True,False,False,False,False,False,True,False,False,False
28,2,2631,15,False,False,True,True,False,False,False,True,False,False,True,False,False,False,False,False,False
44,3,6419,24,False,False,False,False,False,False,False,False,False,False,True,False,False,False,False,False,False
62,2,3757,24,False,False,False,False,False,False,False,False,False,True,True,False,False,False,False,False,False
34,2,1842,36,False,True,False,False,False,False,False,False,False,False,True,False,False,False,False,False,False
22,2,1331,12,True,True,False,False,False,False,False,True,False,False,False,False,False,False,True,False,False
30,2,5866,18,True,True,False,True,False,False,False,True,False,False,True,False,False,False,False,False,False
34,2,2759,12,True,True,False,False,False,False,False,False,False,True,False,False,False,True,False,False,False
38,3,10623,30,True,False,False,False,False,False,False,False,False,False,True,False,False,False,False,False,False
30,3,5965,27,True,True,False,False,False,False,False,True,False,False,True,False,False,False,False,False,False
23,2,1297,12,True,False,True,False,False,False,False,False,True,False,False,False,False,False,True,False,False
23,2,900,12,True,True,False,False,False,False,True,False,False,False,True,False,False,False,False,False,False
22,2,5951,48,False,True,False,False,False,False,False,True,False,False,False,False,False,False,True,False,False
25,2,3509,18,False,True,False,False,False,False,False,False,False,False,False,False,False,False,True,False,False
43,3,2442,27,True,True,False,False,False,False,False,False,False,False,False,False,False,False,False,False,False
29,2,7166,42,True,False,True,False,False,False,True,False,False,True,False,False,False,False,True,False,False
27,3,6314,24,True,True,False,False,False,False,False,False,False,True,False,False,False,False,False,False,True
39,1,932,6,False,True,False,False,False,False,True,True,False,False,False,False,True,False,False,False,False
36,3,1238,6,True,True,False,False,False,False,True,False,False,True,False,False,True,False,False,False,False
31,2,3378,18,True,True,False,False,False,False,True,False,False,True,True,False,False,False,False,False,False
54,2,1318,12,True,True,False,False,False,True,False,True,False,False,True,False,False,False,False,False,False
31,2,3104,18,True,True,False,False,False,False,False,False,False,False,False,False,False,False,False,False,False
44,2,5507,24,True,False,False,False,False,False,False,False,False,True,False,False,False,False,False,True,False
29,2,5003,21,False,True,False,False,False,False,True,False,False,True,True,False,False,False,False,False,False
50,2,2671,36,False,False,False,True,False,False,False,True,False,False,False,False,False,False,True,False,False
47,1,1316,15,True,True,False,False,True,False,False,False,False,True,False,False,False,False,True,False,False
52,2,717,12,True,True,False,False,False,False,False,False,False,True,False,False,False,False,True,False,False
32,2,1285,24,False,False,True,False,False,False,True,False,False,False,True,False,False,False,False,False,False
33,2,1131,18,False,True,False,False,False,False,False,False,False,False,False,False,False,True,False,False,False
20,2,2039,18,False,False,True,False,False,False,False,False,False,False,False,False,False,True,False,False,False
37,2,2022,24,False,True,False,False,False,False,False,False,False,True,True,False,False,False,False,False,False
50,2,3777,24,True,True,False,False,False,True,False,False,False,True,False,False,False,True,False,False,False
30,2,960,15,False,True,False,False,False,True,False,False,False,True,False,False,False,True,False,False,False
35,3,7253,33,True,True,False,False,False,False,False,False,False,True,True,False,False,False,False,False,False
49,1,1445,18,True,True,False,False,False,False,True,False,True,False,False,False,False,False,True,False,False
25,1,1138,9,True,True,False,False,False,False,False,False,False,False,False,False,False,False,True,False,False
29,3,9034,36,True,False,True,True,False,False,False,True,False,False,False,False,False,True,False,False,False
24,1,4811,30,False,False,True,False,False,False,True,False,False,True,True,False,False,False,False,False,False
25,2,2762,12,False,True,False,False,False,False,True,True,False,False,False,False,False,True,False,False,False
22,2,1670,9,False,True,False,False,False,False,False,True,False,False,False,False,False,False,True,False,False
64,2,753,6,False,True,False,False,False,False,False,True,False,False,False,False,False,False,True,False,False
35,2,1919,9,True,False,True,False,False,False,False,True,False,False,False,False,False,True,False,False,False
30,2,1620,12,False,True,False,False,False,False,False,False,False,False,False,False,False,True,False,False,False
32,2,701,12,True,True,False,False,False,False,False,False,False,True,False,False,True,False,False,False,False
23,2,1216,18,False,False,True,False,False,False,False,False,False,False,True,False,False,False,False,False,False
27,2,5804,24,True,True,False,False,False,True,False,False,False,True,True,False,False,False,False,False,False
29,3,11328,24,True,True,False,False,False,False,False,True,False,False,False,False,False,False,False,False,True
36,2,3079,36,True,True,False,False,False,False,True,False,False,True,True,False,False,False,False,False,False
23,2,996,12,False,True,False,False,False,False,True,False,False,True,False,False,False,False,False,True,False
39,2,1188,21,False,True,False,False,False,False,False,True,False,False,False,False,False,False,False,False,False
25,2,2136,9,True,True,False,False,False,False,False,False,False,False,False,False,False,True,False,False,False
40,3,4297,18,True,True,False,False,False,False,False,True,False,False,False,False,False,True,False,False,False
25,2,1283,22,False,False,True,False,False,False,True,False,False,True,True,False,False,False,False,False,False
23,1,2101,13,False,True,False,False,False,False,False,True,False,False,False,False,False,False,True,False,False
28,2,1376,24,False,True,False,False,True,False,False,False,False,True,False,False,False,False,True,False,False
46,2,1829,15,True,True,False,False,False,False,False,False,False,True,False,False,False,False,True,False,False
20,2,1282,12,False,False,True,False,False,False,False,False,False,False,False,False,False,True,False,False,False
26,1,783,6,True,True,False,False,False,False,True,False,False,True,True,False,False,False,False,False,False
30,2,3349,24,True,False,False,False,True,False,False,False,False,False,False,False,False,True,False,False,False
30,3,11054,36,True,True,False,False,False,False,True,False,False,True,True,False,False,False,False,False,False
24,2,2569,39,True,True,False,False,True,False,False,False,False,True,True,False,False,False,False,False,False
23,1,836,12,False,True,False,True,False,False,False,True,False,False,True,False,False,False,False,False,False
36,3,7057,20,True,False,True,False,False,False,True,True,False,False,True,False,False,False,False,False,False
28,2,1887,18,True,True,False,False,False,False,True,True,False,False,False,False,False,False,False,False,False
52,2,338,6,True,True,False,False,True,False,False,False,False,False,False,False,False,False,True,False,False
74,3,4526,24,True,True,False,False,False,False,False,False,False,True,False,False,False,False,False,False,False
48,1,1240,10,False,False,False,True,False,False,False,False,True,False,True,False,False,False,False,False,False
36,2,6304,36,True,True,False,False,False,False,True,False,False,True,False,False,False,False,False,False,False
30,3,1823,24,True,True,False,False,False,False,False,False,False,False,False,False,False,False,True,False,False
37,1,1344,24,True,True,False,False,False,False,True,False,True,False,True,False,False,False,False,False,False
40,1,684,12,True,False,True,False,False,False,False,False,False,False,False,False,True,False,False,False,False
29,0,1193,24,False,False,True,False,False,False,False,False,False,False,True,False,False,False,False,False,False
41,2,2116,6,True,True,False,False,False,False,False,False,True,False,False,False,False,True,False,False,False
27,2,2613,36,True,True,False,False,False,False,False,False,False,True,False,False,False,False,False,True,False
30,2,7966,26,True,True,False,False,False,False,False,True,False,False,True,False,False,False,False,False,False
25,2,5771,30,False,True,False,False,False,False,False,False,False,True,False,False,False,False,True,False,False
58,1,6143,48,False,False,False,False,False,False,False,False,False,False,True,False,False,False,False,False,False
27,2,3609,48,False,True,False,False,False,False,False,False,False,True,False,False,False,False,False,False,False
64,2,1364,10,False,True,False,False,False,False,False,False,False,True,True,False,False,False,False,False,False
46,2,2611,24,True,True,False,False,False,False,False,False,False,True,False,False,False,False,True,False,False
28,3,3349,36,False,True,False,False,False,False,False,False,False,True,False,False,False,True,False,False,False
37,2,3620,36,True,True,False,False,False,False,False,False,False,False,False,False,False,True,False,False,False
24,2,932,6,False,True,False,False,False,False,False,False,False,True,False,False,False,False,True,False,False
37,1,1274,12,False,True,False,False,False,False,False,False,False,False,True,False,False,False,False,False,False
37,2,3878,24,True,True,False,True,False,False,False,True,False,False,True,False,False,False,False,False,False
31,2,1935,24,True,True,False,False,False,False,False,True,False,False,False,False,False,False,False,False,False
40,2,894,10,False,True,False,False,False,False,True,False,False,True,False,False,True,False,False,False,False
22,2,3973,14,True,False,False,False,False,False,False,False,False,False,True,False,False,False,False,False,False
50,2,1236,6,True,False,True,False,True,False,False,False,False,True,True,False,False,False,False,False,False
